"type","value","source"
"ip","172.86.93.139","public"
"domain","app-updater.app","public"
"domain","app-updater1.app","public"
"domain","app-updater2.app","public"
"domain","brproxy.868id.com","public"
"domain","businesshire.top","public"
"domain","dndhub.xyz","public"
"domain","dsgnfwd.xyz","public"
"domain","gobr.868id.com","public"
"domain","mktblend.monster","public"
"domain","nvidiasdk.fly.dev","public"
"domain","quasuar.com","public"
"domain","stategiq.quest","public"
"domain","www.cs01.shop","public"
"domain","xz.868id.com","public"
"domain","xzs.868id.com","public"
"url","http://64.137.9.118/__utm.gif","public"
"url","http://64.137.9.118/dpixel","public"
"url","https://1bjoijsh.requestrepo.com","public"
"url","https://64.137.9.118/api","public"
"url","https://od.lk/d/OTRfMTA3OTczMjQwXw/USCBC_20250811_Meeting_Info.7z","public"
"url","https://pastebin.com/raw/WcFQApJH","public"
"url","https://workdrive.zoho.com/file/f8h84a6732545e79d4afdb5e6d6bcaa343416","public"
"url","https://workdrive.zoho.com/file/pelj30e40fd96a6084862bef88daf476dac8d","public"
"hash_sha256","00A6514AA511BAD22C929C876F1B5EE08302B4FAC957E571BB9761466BAA7379","public"
"hash_sha256","0101D1EBF0088A408CA0FCC701579370CB4AC66CC96ABD01BC3EB52AAE0B42B1","public"
"hash_sha256","0109B0D2C690FED142DAD85CED4F1E277464ACC49DF4BEF3C5F5ED58F3925AED","public"
"hash_sha256","010E4F3487AE60E521E22671B7F521EA041A5A565DA120CEF4B6BE8473AE15EB","public"
"hash_sha256","0379146BC338FF3507663B7F56B0F581A012A200CBEDB8BAA7D7B217557E1375","public"
"hash_sha256","05868E17E1E731E70542A216FC66A038EE51FA43766412DE82AC8A401B654213","public"
"hash_sha256","05AE07783D30B37AA5F0FFFF86ADDE57D0D497FE915537A3FC010230B54E1EE8","public"
"hash_sha256","06413D9C3B99E52698ECDAD7BC10D76B8532D7D84484B83C73E57FDB5E5213F9","public"
"hash_sha256","065C1C2FB17BA1C3F882BEAD409215DF612673CD455698768ED71412F9190BA3","public"
"hash_sha256","07A81384135C5803B96A4D15901927C247EC966CFC45792DDF3E25BA47038461","public"
"hash_sha256","09833A745D4EA4744721FD53EFBA675A5527ECDC3B6DFAFC81847B759A8E9614","public"
"hash_sha256","0A52FC5B3EB4F75A126772127144CC7000E0B227CC6264F40DB6715103833BE3","public"
"hash_sha256","0C3EF02C70ABF8D19178606A7E1D6268CBEF5276AD5AC8BA80206703DD0D5301","public"
"hash_sha256","0EBC9F70EBA3C50C2E6BE8307F25E7CA572B1A26A1C37AF00B22549F6E0A8129","public"
"hash_sha256","10739E1F1CF3FF69DBEC5153797A1F723F65D371950007CE9F1E540EBDC974ED","public"
"hash_sha256","1173680F816928314D7ED973B7D0FCDB4EA55A3895B301408B14368120EE36D2","public"
"hash_sha256","156943B1DF6141AB7C2910B7CD5B8BCB2FFE839AA6C99D663ABF12588F11615B","public"
"hash_sha256","17891F7DB5A633C0186F3C2C8311A16A989B55BB0BA0430DA7D2AFB7F616C79C","public"
"hash_sha256","1C783F0AF613A3D9348F28B423ADE921F447999466BEA03A239A928BD8D9185B","public"
"hash_sha256","1E078B5C876C4E5070B19A314BE3B7385A3E2FC6A427F2FFCC2A2340B7C2B52F","public"
"hash_sha256","233BE0923C2DB96EC25C95EF972E049CBBDBA65787771E9FFBBEE35C3AB261DA","public"
"hash_sha256","233C777937F3B0F83B1F6AE47403E03D1C3F72F650B4C6AE3FACEC7F2E5DA4B5","public"
"hash_sha256","247FDBA5FBFD076D9C530D937406AA097D6794B9AF26BFC64BF6EA765ED51A50","public"
"hash_sha256","25C9FC5C5564A74430B92CB658D43E441DEE1B3C0F692DC2571AC2918EFA9A52","public"
"hash_sha256","29CFD63B70D59761570B75A1CC4A029312F03472E7F1314C806C4FB747404385","public"
"hash_sha256","32BF3FAC0CA92F74C2DD0148C29E4C4261788FB082FBAEC49F9E7CD1FDA96F56","public"
"hash_sha256","41700C8FE273E088932CC57D15EE86C281FD8D2E771F4E4BF77B0E2C387B8B23","public"
"hash_sha256","49F6BAC9134F277A88ADE53C5FC449386499A6DA7311D823B4960DD67D500428","public"
"hash_sha256","4A1588E27A3F322E94E490173FE2BFA8D6E2F407B81A77AF8787619B0D3D10BD","public"
"hash_sha256","4B2A250B604CA879793D1503BE87F7A51B0BDE2ACA9642E0DF5BB519D816CD2C","public"
"hash_sha256","50927B350C108E730DC4098BBDA4D9D8E7C7833F43AB9704F819E631B1D981E3","public"
"hash_sha256","543024EDC9F160CC1CEDCFFC3DE52BFA656DAA0EC9ED351331D97FAAA67D0D99","public"
"hash_sha256","5E8EC2EB0BB53869BA376175B431E44F3F5D9779D530B1BA054BFEDCED1AC06D","public"
"hash_sha256","5E9647E36D2FB46F359036381865EFB0E432FF252FAE138682CB2DA060672C84","public"
"hash_sha256","65665C3FABA4FBFED12488E945306B10131AFB9D3AD928ACCDCEF75E0945A086","public"
"hash_sha256","660BA8A7A3EC3BE6E9EF0B60A2A1D98904E425D718687CED962E0D639B961799","public"
"hash_sha256","6A16B1EF16E999A0D32A4B9189F6F179D629BA143B5B03DB06C95156EE089615","public"
"hash_sha256","706AAFE4ED32AA4B13E65629C2496D9B1E2E9D1753AA0F92833586ACD1AA591E","public"
"hash_sha256","7DDFCDF2429FFFCDD283DA11FC554AEF06E5087ED21CB806CFFB9F9AF82D227D","public"
"hash_sha256","89C73024FC9D700209ECADDF3628B59224D27750E188DCE0015313DA77346925","public"
"hash_sha256","8A286A315DBA36B13E61B6A3458A4BB3ACB7818F1E957E0892A35ABB37FC9FCE","public"
"hash_sha256","8C1B148C9C7875AD77C756D700C40B6E5FA33B6E3784B09644A095BEF4761B6B","public"
"hash_sha256","90EEFDABD6F33DE39071D4BFD540654BFDC60BFF3198D5637F82E10B0CABD01D","public"
"hash_sha256","9BC46C59E734B2389328A5103739F42BED7D820C73F75C49CC5A2E8CACFE8940","public"
"hash_sha256","A00FDA931AB1A591A73D1A24C1B270AEE0F31D6E415DFA9AE2D0F126326DF4BB","public"
"hash_sha256","A58868B3D50B775DE99278EEB14DA8B7409B165AA45313C6D9FA35AC30D2CDA2","public"
"hash_sha256","A5D1E69076FD9F52D8A804202A21852FE2B76FB4534F48455DEF652E84CCEAAB","public"
"hash_sha256","AE5977F999293AE1CE45781DECC5F886DD7153CE75674C8595A94A20B9C802A8","public"
"hash_sha256","B1B1CF33B8D3DA35293D6B74C378F0CD9452A4351E26D07C896C4D9A8257EF89","public"
"hash_sha256","B618057DE9A8BBA95440F23B9CF6374CC66F2ACD127B3D478684B22D8F11E00B","public"
"hash_sha256","B640251F82684D3B454A29E962C0762A38D8AC91574AE4866FE2736F9DDD676E","public"
"hash_sha256","B86ADCF7B5B8A6E01C48D2C84722919DF2D1C613410C32EB43FC8C10B8158C45","public"
"hash_sha256","C1F60CA5A5F7B94AB7122718A44B46DE16C69D22C2EB62CE2948CAB14BC78D50","public"
"hash_sha256","CFB86BA3C8BDE567798819397205DFEC31CAAE5511B0C6BF98FECFACFE162D56","public"
"hash_sha256","D4A33BE36CD0905651CE69586542AE9BB5763FEDDC9D1AF98E90FF86A6914C0E","public"
"hash_sha256","D6CC784BE51F8B784BD9AFD2485F3766D89CA5AE004AE9F2C4DAE7E958DBE722","public"
"hash_sha256","D81155FA8C6BD6BD5357954E2E8CAE91B9E029E9B1E23899B882C4EA0FFFAD06","public"
"hash_sha256","DF501B238854D6579CAFEBEBA82581A728E89ED1F6CD0DA54C79EF4EB6F4F9FD","public"
"hash_sha256","E224A1DB42AE2164D6B2F2A7F1F0E02056E099FC8D669CE37CDAA0A2A2750E3B","public"
"hash_sha256","E590552EEA3AD225CFB6A33FD9A71F12F1861C8332A6F3A8E2050FFFCE93F45E","public"
"hash_sha256","E79B827B3CC29E940736DC20CC9C25958C0B09C25FC0BC8AACBD6365F38DB71F","public"
"hash_sha256","E7B29611C789A6225AEBBC9FEE3710A57B51537693CB2EC16E2177C22392B546","public"
"hash_sha256","EA410874356E7D27867A4E423F1A818AAEA495DFBF068243745C27B80DA84FAE","public"
"hash_sha256","EBA9FDB2F077F9A3E14CF428162B967B5E6C189DB19C33C5B11601EFCD02B3D3","public"
"hash_sha256","F782DFDC7CE624F98356C149FBB27F7E9B258183640943543BBF561C8AF13DB0","public"
